<?xml version="1.0" encoding="UTF-8"?>
<!DOCTYPE mapper
  PUBLIC "-//mybatis.org//DTD Mapper 3.0//EN"
  "http://mybatis.org/dtd/mybatis-3-mapper.dtd">
  
<mapper namespace="com.kitri.cafe.board.dao.ReboardDao">
	<insert id="writeArticle" parameterType="reboardDto">
	insert all
		into board(
			seq
			, id
			, name
			, email
			, subject
			, content
			, hit
			, logtime
			, bcode
		)values(
			#{seq}
			, #{id}
			, #{name}
			, #{email}
			, #{subject}
			, #{content}
			, 0
			, sysdate
			, #{bcode}
		)
		into reboard(
			rseq
			, seq
			, ref
			, lev
			, step
			, pseq
			, reply
		)values(
			reboard_rseq.nextval
			, #{seq}
			, #{ref}
			, 0
			, 0
			, 0
			, 0
		)
	select * from dual
	</insert>
	
	<select id="viewArticle" parameterType="int" resultType="reboardDto">
	select
		board.seq
		, board.name
		, board.id
		, board.email
		, board.subject
		, board.content
		, board.hit
		, board.logtime
		, board.bcode
		, reboard.rseq
		, reboard.seq
		, reboard.ref
		, reboard.lev
		, reboard.step
		, reboard.pseq
		, reboard.reply
	from board, reboard
	where 
		board.seq = reboard.seq
		and board.seq = #{seq}
	</select>
	
	<select id="listArticle" parameterType="map" resultType="reboardDto">
	select
	    rowboard.rn
	    , rowboard.seq
	    , rowboard.name
	    , rowboard.id
	    , rowboard.email
	    , rowboard.subject
	    , rowboard.content
	    , rowboard.hit
	    , decode(to_char(rowboard.logtime, 'yyyymmdd')
	        , to_char(sysdate, 'yyyymmdd'), to_char(rowboard.logtime, 'hh24:mi:ss')
	        , to_char(rowboard.logtime, 'yy.mm.dd')
	        ) logtime
	    , rowboard.bcode
	    , rowboard.rseq
	    , rowboard.ref
	    , rowboard.lev
	    , rowboard.step
	    , rowboard.pseq
	    , rowboard.reply
	from (
	    select
	        rownum rn, orderboard.*
	    from  (
	        select 
	            b.seq, b.name, b.id, b.email, b.subject
	            , b.content, b.hit, b.logtime, b.bcode
	            , r.rseq, r.ref, r.lev, r.step, r.pseq, r.reply
	        from 
	            board b 
	            inner join reboard r
	                on b.seq = r.seq
	        where b.bcode = #{bcode}
	        <if test="word != null and word != ''">
	        	<if test="key == 'subject'">
	        	and b.subject like '%' || #{word} || '%'
	        	</if>
	        	<if test="key != 'subject'">
	        	and b.${key} = #{word}
	        	</if>
	        </if>
	        order by b.seq desc
	        ) orderboard
	    where rownum &lt;= #{endRow}
	    ) rowboard
	where rowboard.rn &gt; #{startRow}
	</select>
</mapper>